CHROM,POS,ID,REF,ALT,QUAL,FILTER,INFO,ANNOTATION,REGION,GENE,PROTEIN,seq_file,background,condition,sample
chrII,724851,.,C,G,225,PASS,"DP=28;VDB=0.00169721;SGB=-0.691153;MQSB=1;MQ0F=0;AC=2;AN=2;DP4=0,0,17,1;MQ=60",coding-nonsynonymous,YBR255W,MTC4,Y132*,1_G4_S12_samtools_filtered.vcf,bkgrd_ex,condition_ex,sample1
chrIX,195641,.,C,A,225,PASS,"DP=39;VDB=0.160977;SGB=-0.692717;MQSB=1;MQ0F=0;AC=2;AN=2;DP4=0,0,17,6;MQ=60",coding-nonsynonymous,YIL089W,YIL089W,Q15K,1_G4_S12_samtools_filtered.vcf,bkgrd_ex,condition_ex,sample2
chrM,85640,.,CCTA,CCTATACTA,222,PASS,"INDEL;IDV=155;IMF=0.665236;DP=233;VDB=4.58521e-07;SGB=-0.693147;MQSB=0.986211;MQ0F=0.00429185;ICB=1;HOB=0.5;AC=1;AN=2;DP4=59,97,66,11;MQ=58",coding-nonsynonymous,Q0297,Q0297,S29indel,1_G4_S12_samtools_filtered.vcf,bkgrd_ex,condition_ex,sample3
chrVII,471400,.,G,A,225,PASS,"DP=46;VDB=0.942484;SGB=-0.693127;MQSB=1;MQ0F=0;AC=2;AN=2;DP4=0,0,23,10;MQ=60",coding-nonsynonymous,YGL013C,PDR1,T300I,1_G4_S12_samtools_filtered.vcf,bkgrd_ex,condition_ex,sample4
chrXV,586868,.,G,C,225,PASS,"DP=27;VDB=0.200879;SGB=-0.692067;MQSB=1;MQ0F=0;AC=2;AN=2;DP4=0,0,10,10;MQ=60",5'-upstream,YOR140W,SFL1,NA,1_G4_S12_samtools_filtered.vcf,bkgrd_ex,condition_ex,sample5
chrXVI,452468,.,T,G,225,PASS,"DP=53;VDB=0.904259;SGB=-0.693139;MQSB=1;MQ0F=0;AC=2;AN=2;DP4=0,0,31,5;MQ=60",coding-nonsynonymous,YPL057C,SUR1,Y197S,1_G4_S12_samtools_filtered.vcf,bkgrd_ex,condition_ex,sample6
chrIV,439359,.,G,T,225,PASS,"DP=11;VDB=0.0743943;SGB=-0.651104;MQSB=0.992367;MQ0F=0;AC=2;AN=2;DP4=0,0,4,4;MQ=60",coding-nonsynonymous,YDL007W,RPT2,*438L,4_A2_S19_samtools_filtered.vcf,bkgrd_ex,condition_ex,sample7
chrIV,1012249,.,A,C,225,PASS,"DP=15;VDB=0.120448;SGB=-0.670168;MQSB=1.00775;MQ0F=0;AC=2;AN=2;DP4=0,0,6,4;MQ=60",5'-upstream,YDR275W,BSC2,NA,4_A2_S19_samtools_filtered.vcf,bkgrd_ex,condition_ex,sample8
chrVII,611152,.,T,C,228,PASS,"DP=18;VDB=0.0475124;SGB=-0.680642;RPB=1;MQB=1;MQSB=1;BQB=1;MQ0F=0;AC=2;AN=2;DP4=1,0,9,3;MQ=60",coding-nonsynonymous,YGR060W,ERG25,S197P,4_A2_S19_samtools_filtered.vcf,bkgrd_ex,condition_ex,sample9
